,movie,year,timeMin,imdb,metascore,votes,us_grossMillions
0,The Father,2020,97,8.3,88.0,49184,
1,Sound of Metal,2019,120,7.8,82.0,77726,
2,Another Round,2020,117,7.8,80.0,69580,
3,Zack Snyder's Justice League,2021,242,8.1,54.0,276931,
4,The Trial of the Chicago 7,2020,129,7.8,76.0,140256,
5,Soul,2020,100,8.1,83.0,232693,
6,Avengers: Endgame,2019,181,8.4,78.0,865101,858.37
7,The Godfather,1972,175,9.2,100.0,1652566,134.97
8,Parasite,2019,132,8.6,96.0,599081,53.37
9,Once Upon a Time... In Hollywood,2019,161,7.6,83.0,577151,142.5
10,The Shawshank Redemption,1994,142,9.3,80.0,2384498,28.34
11,Knives Out,2019,130,7.9,82.0,485551,165.36
12,"Three Billboards Outside Ebbing, Missouri",2017,115,8.1,88.0,447072,54.51
13,Sleepers,1996,147,7.6,49.0,196909,49.1
14,Avengers: Infinity War,2018,149,8.4,68.0,871231,678.82
15,Joker,2019,122,8.4,59.0,989721,335.45
16,Titanic,1997,194,7.8,75.0,1063462,659.33
17,The Dark Knight,2008,152,9.0,84.0,2347962,534.86
18,Fargo,1996,98,8.1,85.0,627291,24.61
19,Saving Private Ryan,1998,169,8.6,91.0,1258494,216.54
20,Dazed and Confused,1993,102,7.6,78.0,169212,7.99
21,Rush,2013,123,8.1,74.0,440751,26.95
22,Pulp Fiction,1994,154,8.9,94.0,1857194,107.93
23,Thor: Ragnarok,2017,130,7.9,74.0,609658,315.06
24,Interstellar,2014,169,8.6,74.0,1550809,188.02
25,The Wolf of Wall Street,2013,180,8.2,75.0,1218396,116.9
26,Harry Potter and the Sorcerer's Stone,2001,152,7.6,64.0,672033,317.58
27,The Lord of the Rings: The Fellowship of the Ring,2001,178,8.8,92.0,1688541,315.54
28,The Silence of the Lambs,1991,118,8.6,85.0,1294317,130.74
29,Get Out,2017,104,7.7,85.0,505775,176.04
30,Citizen Kane,1941,119,8.3,100.0,411226,1.59
31,Inception,2010,148,8.8,74.0,2106219,292.58
32,Bohemian Rhapsody,2018,134,8.0,49.0,465974,216.43
33,Captain America: The Winter Soldier,2014,136,7.7,70.0,752524,259.77
34,Blade Runner 2049,2017,164,8.0,81.0,476265,92.05
35,Jojo Rabbit,2019,108,7.9,58.0,316559,0.35
36,The Gentlemen,2019,113,7.8,51.0,259731,
37,Inglourious Basterds,2009,153,8.3,69.0,1293254,120.54
38,Stardust,2007,127,7.6,66.0,258024,38.63
39,Predator,1987,107,7.8,45.0,376523,59.74
40,Guardians of the Galaxy,2014,121,8.0,76.0,1060958,333.18
41,Alien,1979,117,8.4,89.0,800658,78.9
42,Back to the Future,1985,116,8.5,87.0,1077988,210.61
43,The Martian,2015,144,8.0,80.0,773283,228.43
44,No Country for Old Men,2007,122,8.1,91.0,873801,74.28
45,The Godfather: Part II,1974,202,9.0,90.0,1149888,57.3
46,Heat,1995,170,8.2,76.0,588168,67.44
47,1917,2019,119,8.3,78.0,456213,159.23
48,Captain America: Civil War,2016,147,7.8,75.0,681833,408.08
49,Deadpool 2,2018,119,7.7,66.0,494461,324.59
50,Harry Potter and the Deathly Hallows: Part 2,2011,130,8.1,85.0,779521,381.01
51,The Hunt,2012,115,8.3,77.0,290759,0.69
52,The Green Mile,1999,189,8.6,61.0,1169794,136.8
53,The Departed,2006,151,8.5,85.0,1209505,132.38
54,The Matrix,1999,136,8.7,73.0,1705257,171.48
55,Mad Max: Fury Road,2015,120,8.1,90.0,898964,154.06
56,The Dark Knight Rises,2012,164,8.4,78.0,1540637,448.14
57,Forrest Gump,1994,142,8.8,82.0,1844811,330.25
58,Gladiator,2000,155,8.5,67.0,1362369,187.71
59,Schindler's List,1993,195,8.9,94.0,1232952,96.9
60,The Goonies,1985,114,7.8,62.0,248182,61.5
61,Good Will Hunting,1997,126,8.3,70.0,877014,138.43
62,Fight Club,1999,139,8.8,66.0,1886437,37.03
63,Watchmen,2009,162,7.6,56.0,513077,107.51
64,Gone Girl,2014,149,8.1,79.0,879250,167.77
65,Green Book,2018,130,8.2,69.0,400809,85.08
66,The Avengers,2012,143,8.0,69.0,1278564,623.28
67,Aliens,1986,137,8.3,84.0,661329,85.16
68,Goodfellas,1990,146,8.7,90.0,1039505,46.84
69,Almost Famous,2000,122,7.9,90.0,256490,32.53
70,Shutter Island,2010,138,8.2,63.0,1155254,128.01
71,Hamilton,2020,160,8.5,90.0,63379,
72,Jurassic Park,1993,127,8.1,68.0,881976,402.45
73,Iron Man,2008,126,7.9,79.0,956116,318.41
74,The Prestige,2006,130,8.5,66.0,1211646,53.09
75,The Lord of the Rings: The Return of the King,2003,201,8.9,94.0,1668051,377.85
76,Ford v Ferrari,2019,152,8.1,81.0,310144,117.62
77,Hacksaw Ridge,2016,139,8.1,71.0,448241,67.21
78,Spider-Man: Into the Spider-Verse,2018,117,8.4,87.0,396160,190.24
79,Django Unchained,2012,165,8.4,81.0,1384382,162.81
80,Little Women,2019,135,7.8,91.0,152749,108.1
81,Guardians of the Galaxy Vol. 2,2017,136,7.6,67.0,584815,389.81
82,Pride & Prejudice,2005,129,7.8,82.0,264782,38.41
83,The Godfather: Part III,1990,162,7.6,60.0,366455,66.67
84,The Game,1997,129,7.8,61.0,353850,48.32
85,Se7en,1995,127,8.6,65.0,1472264,100.13
86,Blade Runner,1982,117,8.1,84.0,703634,32.87
87,Léon: The Professional,1994,110,8.5,64.0,1053158,19.5
88,Call Me by Your Name,2017,132,7.9,93.0,221853,18.1
89,Scarface,1983,170,8.3,65.0,755497,45.6
90,Whiplash,2014,106,8.5,88.0,735443,13.09
91,Baby Driver,2017,113,7.6,86.0,451574,107.83
92,Avatar,2009,162,7.8,83.0,1132179,760.51
93,Moana,2016,107,7.6,81.0,280920,248.76
94,Deadpool,2016,108,8.0,65.0,918749,363.07
95,The Hateful Eight,2015,168,7.8,68.0,529212,54.12
96,The Grand Budapest Hotel,2014,99,8.1,88.0,724010,59.1
97,Apocalypse Now,1979,147,8.4,94.0,615849,83.47
98,Indiana Jones and the Raiders of the Lost Ark,1981,115,8.4,85.0,895242,248.16
99,The Irishman,2019,209,7.8,94.0,336350,7.0
100,American Beauty,1999,122,8.3,84.0,1082672,130.1
101,The Princess Bride,1987,98,8.0,77.0,397833,30.86
102,300,2006,117,7.6,52.0,741841,210.61
103,The Big Lebowski,1998,117,8.1,71.0,743472,17.5
104,The Truman Show,1998,103,8.1,90.0,958864,125.62
105,Donnie Darko,2001,113,8.0,88.0,748606,1.48
106,One Flew Over the Cuckoo's Nest,1975,133,8.7,83.0,931196,112.0
107,Taxi Driver,1976,114,8.2,94.0,738761,28.26
108,Braveheart,1995,178,8.3,68.0,970962,75.6
109,Harry Potter and the Goblet of Fire,2005,157,7.7,81.0,558394,290.01
110,Requiem for a Dream,2000,102,8.3,68.0,778289,3.64
111,American Psycho,2000,101,7.6,64.0,504377,15.07
112,The Sandlot,1993,101,7.8,55.0,80483,32.42
113,There Will Be Blood,2007,158,8.2,93.0,527606,40.22
114,The Fifth Element,1997,126,7.7,52.0,439427,63.54
115,The Shining,1980,146,8.4,66.0,914521,44.02
116,A Star Is Born,2018,136,7.6,88.0,344068,215.29
117,The Last Picture Show,1971,118,8.0,93.0,43410,29.13
118,12 Angry Men,1957,96,9.0,96.0,704057,4.36
119,Batman Begins,2005,140,8.2,70.0,1328876,206.85
120,Arrival,2016,116,7.9,81.0,608691,100.55
121,Dunkirk,2017,106,7.8,94.0,570278,188.37
122,Prisoners,2013,153,8.1,70.0,614671,61.0
123,A Clockwork Orange,1971,136,8.3,77.0,768192,6.21
124,Shrek,2001,90,7.8,84.0,622698,267.67
125,Spirited Away,2001,125,8.6,96.0,667757,10.06
126,Star Wars: Episode IV - A New Hope,1977,121,8.6,90.0,1247900,322.74
127,Pirates of the Caribbean: The Curse of the Black Pearl,2003,143,8.0,63.0,1024770,305.41
128,Moneyball,2011,133,7.6,87.0,377918,75.61
129,The Hobbit: An Unexpected Journey,2012,169,7.8,58.0,766002,303.0
130,The Breakfast Club,1985,97,7.8,66.0,362299,45.88
131,Zootopia,2016,108,8.0,78.0,442561,341.27
132,Hot Fuzz,2007,121,7.8,81.0,469987,23.64
133,Nightcrawler,2014,117,7.8,76.0,477654,32.38
134,The Revenant,2015,156,8.0,76.0,719232,183.64
135,Snatch,2000,102,8.3,55.0,792518,30.33
136,Captain Fantastic,2016,118,7.9,72.0,196495,5.88
137,The Lord of the Rings: The Two Towers,2002,179,8.7,87.0,1508418,342.55
138,Hidden Figures,2016,127,7.8,74.0,205762,169.61
139,Kingsman: The Secret Service,2014,129,7.7,60.0,598936,128.26
140,Paddington 2,2017,103,7.8,88.0,63867,40.44
141,Rogue One: A Star Wars Story,2016,133,7.8,65.0,565702,532.18
142,Mary Poppins,1964,139,7.8,88.0,159979,102.27
143,Black Swan,2010,108,8.0,79.0,708736,106.95
144,The Social Network,2010,120,7.7,95.0,636608,96.96
145,Memento,2000,113,8.4,80.0,1141883,25.54
146,Into the Wild,2007,148,8.1,73.0,582142,18.35
147,La La Land,2016,128,8.0,94.0,517948,151.1
148,Tombstone,1993,130,7.8,50.0,129780,56.51
149,The Pianist,2002,150,8.5,85.0,745934,32.57
150,Boogie Nights,1997,155,7.9,85.0,243035,26.4
151,The Lion King,1994,88,8.5,88.0,958633,422.78
152,The Help,2011,146,8.0,62.0,433426,169.71
153,Coco,2017,105,8.4,81.0,402394,209.73
154,Drive,2011,100,7.8,78.0,580516,35.06
155,The Usual Suspects,1995,106,8.5,77.0,1005067,23.34
156,Moonrise Kingdom,2012,94,7.8,84.0,323969,45.51
157,Stand by Me,1986,89,8.1,75.0,368531,52.29
158,My Cousin Vinny,1992,120,7.6,68.0,109940,52.93
159,Kill Bill: Vol. 1,2003,111,8.1,69.0,1016060,70.1
160,Just Mercy,2019,137,7.6,68.0,51023,
161,Ghostbusters,1984,105,7.8,71.0,360538,238.63
162,Wonder,2017,113,8.0,66.0,146437,132.42
163,Eternal Sunshine of the Spotless Mind,2004,108,8.3,89.0,924756,34.4
164,Brokeback Mountain,2005,134,7.7,87.0,327753,83.04
165,Sicario,2015,121,7.6,82.0,379049,46.89
166,Platoon,1986,120,8.1,92.0,386490,138.53
167,Lion,2016,118,8.0,69.0,218601,51.74
168,The Girl with the Dragon Tattoo,2011,158,7.8,71.0,429930,102.52
169,The Raid: Redemption,2011,101,7.6,73.0,192714,4.11
170,Room,2015,118,8.1,86.0,380290,14.68
171,2001: A Space Odyssey,1968,149,8.3,84.0,612912,56.95
172,Zodiac,2007,157,7.7,78.0,478074,33.08
173,Ex Machina,2014,108,7.7,78.0,481919,25.44
174,Casino Royale,2006,144,8.0,80.0,588293,167.45
175,Dances with Wolves,1990,181,8.0,72.0,244597,184.21
176,Life Is Beautiful,1997,116,8.6,59.0,634922,57.6
177,The Big Short,2015,130,7.8,81.0,374470,70.26
178,The Handmaiden,2016,145,8.1,84.0,119540,2.01
179,Oldboy,2003,101,8.4,77.0,525142,0.71
180,Come and See,1985,142,8.3,,62166,
181,Mulholland Dr.,2001,147,7.9,85.0,327472,7.22
182,Harry Potter and the Half-Blood Prince,2009,153,7.6,78.0,484979,301.96
183,"The Good, the Bad and the Ugly",1966,178,8.8,90.0,698626,6.1
184,Jaws,1975,124,8.0,87.0,548758,260.0
185,True Romance,1993,119,7.9,59.0,209723,12.28
186,Argo,2012,120,7.7,86.0,580113,136.03
187,Her,2013,126,8.0,90.0,551536,25.57
188,Ratatouille,2007,111,8.0,96.0,652068,206.45
189,Trainspotting,1996,93,8.1,83.0,642260,16.5
190,City of God,2002,130,8.6,79.0,707952,7.56
191,Harry Potter and the Deathly Hallows: Part 1,2010,146,7.7,65.0,488271,295.98
192,The Notebook,2004,123,7.8,53.0,528521,81.0
193,Mission: Impossible - Fallout,2018,147,7.7,86.0,297867,220.16
194,Casino,1995,178,8.2,73.0,474681,42.44
195,Singin' in the Rain,1952,103,8.3,99.0,222545,8.82
196,Logan,2017,137,8.1,77.0,662951,226.28
197,L.A. Confidential,1997,138,8.2,90.0,539296,64.62
198,Spotlight,2015,129,8.1,93.0,429322,45.06
199,The Wizard of Oz,1939,102,8.0,92.0,373957,2.08
200,Apocalypto,2006,139,7.8,68.0,294422,50.87
201,Terminator 2: Judgment Day,1991,137,8.5,75.0,1008389,204.84
202,The Intouchables,2011,112,8.5,57.0,775995,13.18
203,Training Day,2001,122,7.7,69.0,398664,76.63
204,About Time,2013,123,7.8,55.0,312009,15.32
205,Reservoir Dogs,1992,99,8.3,79.0,933153,2.83
206,Harry Potter and the Prisoner of Azkaban,2004,142,7.9,82.0,562511,249.36
207,Ferris Bueller's Day Off,1986,103,7.8,61.0,325639,70.14
208,12 Years a Slave,2013,134,8.1,96.0,650815,56.67
209,The Incredibles,2004,115,8.0,90.0,665525,261.44
210,Psycho,1960,109,8.5,97.0,613918,32.0
211,Saw,2004,103,7.6,46.0,383850,56.0
212,A Beautiful Mind,2001,135,8.2,72.0,862225,170.74
213,Catch Me If You Can,2002,141,8.1,75.0,852601,164.62
214,The Hangover,2009,100,7.7,73.0,725361,277.32
215,Atonement,2007,123,7.8,85.0,255963,50.93
216,Memories of Murder,2003,132,8.1,82.0,146433,0.01
217,Gifted,2017,101,7.6,60.0,102964,24.8
218,Your Name.,2016,106,8.4,79.0,206556,5.02
219,The Terminator,1984,107,8.0,84.0,806050,38.4
220,Silver Linings Playbook,2012,122,7.7,81.0,669393,132.09
221,American History X,1998,119,8.5,62.0,1047377,6.72
222,Indiana Jones and the Last Crusade,1989,127,8.2,65.0,700625,197.17
223,Portrait of a Lady on Fire,2019,122,8.1,95.0,70123,3.76
224,Ocean's Eleven,2001,116,7.7,74.0,524066,183.42
225,Die Hard,1988,132,8.2,72.0,802739,83.01
226,The Imitation Game,2014,114,8.0,73.0,697185,91.13
227,Full Metal Jacket,1987,116,8.3,76.0,684654,46.36
228,Marriage Story,2019,137,7.9,94.0,257368,2.0
229,Inside Out,2015,95,8.1,94.0,630674,356.46
230,The Sound of Music,1965,172,8.0,63.0,210152,163.21
231,Scent of a Woman,1992,156,8.0,59.0,269639,63.9
232,The Sixth Sense,1999,107,8.1,64.0,921947,293.51
233,28 Days Later...,2002,113,7.6,73.0,381282,45.06
234,The Exorcist,1973,122,8.0,81.0,366032,232.91
235,The Perks of Being a Wallflower,2012,103,8.0,67.0,469654,17.74
236,Rocky,1976,120,8.1,70.0,526838,117.24
237,Minority Report,2002,145,7.6,80.0,514234,132.07
238,Edge of Tomorrow,2014,113,7.9,71.0,609165,100.21
239,The Hobbit: The Desolation of Smaug,2013,161,7.8,66.0,609119,258.37
240,Big Fish,2003,125,8.0,58.0,419155,66.26
241,V for Vendetta,2005,132,8.2,62.0,1046090,70.51
242,Birdman or (The Unexpected Virtue of Ignorance),2014,119,7.7,87.0,588415,42.34
243,Pan's Labyrinth,2006,118,8.2,98.0,626370,37.63
244,Once Upon a Time in America,1984,229,8.4,,317275,5.32
245,Stagecoach,1939,96,7.8,93.0,44576,
246,Wind River,2017,107,7.7,73.0,212809,33.8
247,Willy Wonka & the Chocolate Factory,1971,100,7.8,67.0,181098,4.0
248,Finding Nemo,2003,100,8.1,90.0,962407,380.84
249,My Fair Lady,1964,170,7.8,95.0,88051,72.0
250,A Streetcar Named Desire,1951,122,8.0,97.0,100386,8.0
251,Dead Poets Society,1989,128,8.1,79.0,435474,95.86
252,Unforgiven,1992,130,8.2,85.0,381442,101.16
253,Star Trek,2009,127,7.9,82.0,580655,257.73
254,Crash,2004,112,7.7,66.0,422570,54.58
255,Midnight Cowboy,1969,113,7.8,79.0,102553,44.79
256,Toy Story,1995,81,8.3,95.0,902073,191.8
257,The Last of the Mohicans,1992,112,7.7,76.0,153626,75.51
258,The Curious Case of Benjamin Button,2008,166,7.8,70.0,598591,127.51
259,The Deer Hunter,1978,183,8.1,86.0,316028,48.98
260,Sin City,2005,124,8.0,74.0,742013,74.1
261,Mississippi Burning,1988,128,7.8,65.0,90083,34.6
262,Skyfall,2012,143,7.8,81.0,636029,304.36
263,Cast Away,2000,143,7.8,73.0,534574,233.63
264,Manchester by the Sea,2016,137,7.8,96.0,252701,47.7
265,Children of Men,2006,109,7.9,84.0,470071,35.55
266,True Grit,2010,110,7.6,80.0,316392,171.24
267,"Monsters, Inc.",2001,92,8.1,79.0,828172,289.92
268,Tangled,2010,100,7.7,71.0,411902,200.82
269,Gone with the Wind,1939,238,8.1,97.0,293981,198.68
270,Amadeus,1984,160,8.3,88.0,374123,51.97
271,Sherlock Holmes,2009,128,7.6,57.0,589367,209.03
272,The Invisible Guest,2016,106,8.1,,150835,
273,Rain Man,1988,133,8.0,65.0,479336,178.8
274,Amélie,2001,122,8.3,69.0,712262,33.23
275,X-Men: First Class,2011,131,7.7,65.0,652166,146.41
276,A Few Good Men,1992,138,7.7,62.0,239151,141.34
277,Up,2009,96,8.2,88.0,950664,293.0
278,The Blind Side,2009,129,7.6,53.0,298117,255.96
279,Star Wars: Episode VII - The Force Awakens,2015,138,7.9,80.0,869756,936.66
280,Howl's Moving Castle,2004,119,8.2,80.0,343437,4.71
281,The Count of Monte Cristo,2002,131,7.8,61.0,130496,54.23
282,Kick-Ass,2010,117,7.6,66.0,529819,48.07
283,Mystic River,2003,138,7.9,84.0,424460,90.14
284,The Peanut Butter Falcon,2019,97,7.6,70.0,70647,13.12
285,Office Space,1999,89,7.7,68.0,245345,10.82
286,Casablanca,1942,102,8.5,100.0,529354,1.02
287,E.T. the Extra-Terrestrial,1982,115,7.8,91.0,377427,435.11
288,Slumdog Millionaire,2008,120,8.0,84.0,806581,141.32
289,Toy Story 4,2019,100,7.7,84.0,211128,434.04
290,Dallas Buyers Club,2013,117,8.0,80.0,449707,27.3
291,Million Dollar Baby,2004,132,8.1,86.0,644360,100.49
292,X-Men: Days of Future Past,2014,132,7.9,75.0,667551,233.92
293,Warrior,2011,140,8.2,71.0,441443,13.66
294,Shaun of the Dead,2004,99,7.9,76.0,518550,13.54
295,The Little Mermaid,1989,83,7.6,88.0,241114,111.54
296,Fear and Loathing in Las Vegas,1998,118,7.6,41.0,262879,10.68
297,What's Eating Gilbert Grape,1993,118,7.8,73.0,218366,9.17
298,WALL·E,2008,98,8.4,95.0,1016142,223.81
299,Inside Man,2006,129,7.6,76.0,345914,88.51
300,Life of Pi,2012,127,7.9,79.0,587941,124.99
301,Star Wars: Episode V - The Empire Strikes Back,1980,124,8.7,82.0,1175846,290.48
302,Rear Window,1954,112,8.4,100.0,450801,36.76
303,In the Name of the Father,1993,133,8.1,84.0,160774,25.01
304,The Last Samurai,2003,154,7.7,55.0,404886,111.11
305,Home Alone,1990,103,7.6,63.0,495321,285.76
306,Little Miss Sunshine,2006,101,7.8,80.0,445456,59.89
307,Straight Outta Compton,2015,147,7.8,72.0,182724,161.2
308,The Thing,1982,109,8.1,57.0,377400,13.78
309,Lost in Translation,2003,102,7.7,89.0,421880,44.59
310,Remember the Titans,2000,113,7.8,48.0,200492,115.65
311,Black Hawk Down,2001,144,7.7,74.0,368368,108.64
312,Airplane!,1980,88,7.7,78.0,218234,83.4
313,Carlito's Way,1993,144,7.9,65.0,203908,36.95
314,Capernaum,2018,126,8.4,75.0,67952,1.66
315,"Lock, Stock and Two Smoking Barrels",1998,107,8.2,66.0,542747,3.9
316,The Thin Red Line,1998,170,7.6,78.0,175206,36.4
317,The King's Speech,2010,118,8.0,88.0,646853,138.8
318,Back to the Future Part II,1989,108,7.8,57.0,488714,118.5
319,The Lives of Others,2006,137,8.4,89.0,364481,11.29
320,The Celebration,1998,105,8.0,82.0,79790,1.65
321,Sense and Sensibility,1995,136,7.6,84.0,104563,43.18
322,Blue Is the Warmest Colour,2013,180,7.7,89.0,140868,2.2
323,The Theory of Everything,2014,123,7.7,72.0,411944,35.89
324,Vertigo,1958,128,8.3,100.0,370374,3.2
325,Blood Simple,1984,99,7.6,83.0,89478,2.15
326,Downfall,2004,156,8.2,82.0,335453,5.51
327,What We Do in the Shadows,2014,86,7.7,76.0,161070,3.33
328,Primal Fear,1996,129,7.7,47.0,193342,56.12
329,Big Hero 6,2014,102,7.8,74.0,417287,222.53
330,The Fugitive,1993,130,7.8,87.0,271501,183.88
331,Star Wars: Episode VI - Return of the Jedi,1983,131,8.3,58.0,963728,309.13
332,Dark Waters,2019,126,7.6,73.0,66965,
333,Seven Samurai,1954,207,8.6,98.0,320604,0.27
334,Deliverance,1972,109,7.7,80.0,100028,7.06
335,The Great Escape,1963,172,8.2,86.0,227907,12.1
336,Once Upon a Time in the West,1968,165,8.5,80.0,307176,5.32
337,Chinatown,1974,130,8.1,92.0,299513,8.49
338,Halloween,1978,91,7.7,87.0,236038,47.0
339,In the Mood for Love,2000,98,8.1,85.0,129136,2.73
340,Sling Blade,1996,135,8.0,84.0,88032,24.48
341,Gravity,2013,91,7.7,96.0,777316,274.09
342,The Pursuit of Happyness,2006,117,8.0,64.0,457270,163.57
343,Kill Bill: Vol. 2,2004,137,8.0,83.0,693545,66.21
344,3 Idiots,2009,170,8.4,67.0,351884,6.53
345,The Warriors,1979,92,7.6,65.0,95254,22.49
346,The Remains of the Day,1993,134,7.8,86.0,67751,22.95
347,Mulan,1998,88,7.6,71.0,261277,120.62
348,The Bourne Identity,2002,119,7.9,68.0,514315,121.66
349,12 Monkeys,1995,129,8.0,74.0,584817,57.14
350,Blue Velvet,1986,120,7.7,76.0,184085,8.55
351,Edward Scissorhands,1990,105,7.9,74.0,452319,56.36
352,Incendies,2010,131,8.3,80.0,154637,6.86
353,Taken,2008,90,7.8,51.0,569704,145.0
354,Do the Right Thing,1989,120,8.0,93.0,92062,27.55
355,Apollo 13,1995,140,7.6,77.0,273950,173.84
356,Dog Day Afternoon,1975,125,8.0,86.0,238971,50.0
357,Princess Mononoke,1997,134,8.4,76.0,351255,2.38
358,Creed,2015,133,7.6,82.0,251198,109.77
359,Ordinary People,1980,124,7.7,86.0,47895,54.8
360,Magnolia,1999,188,8.0,77.0,292705,22.46
361,Dr. Strangelove or: How I Learned to Stop Worrying and Love the Bomb,1964,95,8.4,97.0,456404,0.28
362,Fantastic Mr. Fox,2009,87,7.9,83.0,204966,21.0
363,Hunt for the Wilderpeople,2016,101,7.9,81.0,115161,5.2
364,Coraline,2009,100,7.7,80.0,201106,75.29
365,The Graduate,1967,106,8.0,83.0,256371,104.95
366,Blood Diamond,2006,143,8.0,64.0,506145,57.37
367,"O Brother, Where Art Thou?",2000,107,7.7,69.0,291801,45.51
368,Toy Story 3,2010,103,8.2,92.0,767904,415.0
369,Grave of the Fireflies,1988,89,8.5,94.0,241859,
370,Hell or High Water,2016,102,7.6,88.0,207901,26.86
371,Incredibles 2,2018,118,7.6,80.0,257011,608.58
372,The Ten Commandments,1956,220,7.9,,65506,93.74
373,Gone Baby Gone,2007,114,7.6,72.0,253927,20.3
374,As Good as It Gets,1997,139,7.7,67.0,279155,148.48
375,Midnight in Paris,2011,94,7.7,81.0,393296,56.82
376,How to Train Your Dragon,2010,98,8.1,75.0,676858,217.58
377,The Elephant Man,1980,124,8.1,78.0,223667,
378,Serenity,2005,119,7.8,74.0,285358,25.51
379,Lawrence of Arabia,1962,228,8.3,100.0,272044,44.82
380,Mr. Nobody,2009,141,7.8,63.0,219381,0.0
381,Fried Green Tomatoes,1991,130,7.7,64.0,68038,82.42
382,500 Days of Summer,2009,95,7.7,76.0,477628,32.39
383,Zombieland,2009,88,7.6,73.0,526236,75.59
384,District 9,2009,112,7.9,81.0,643467,115.65
385,Falling Down,1993,113,7.6,56.0,174734,40.9
386,Ben-Hur,1959,212,8.1,90.0,222551,74.7
387,Gran Torino,2008,116,8.1,72.0,728638,148.1
388,Isle of Dogs,2018,101,7.9,82.0,143843,32.02
389,The Untouchables,1987,119,7.9,79.0,286395,76.27
390,Road to Perdition,2002,117,7.7,72.0,250057,104.45
391,Beauty and the Beast,1991,84,8.0,95.0,421014,218.97
392,Papillon,1973,151,8.0,58.0,123172,53.27
393,Star Trek Into Darkness,2013,132,7.7,72.0,466016,228.78
394,Boyz n the Hood,1991,112,7.8,76.0,128374,57.5
395,Who Framed Roger Rabbit,1988,104,7.7,83.0,184374,156.45
396,Moon,2009,97,7.9,67.0,338889,5.01
397,Despicable Me,2010,95,7.6,72.0,506709,251.51
398,Bridge of Spies,2015,142,7.6,81.0,292084,72.31
399,The Royal Tenenbaums,2001,110,7.6,76.0,270762,52.36
400,I Saw the Devil,2010,144,7.8,67.0,114289,0.13
401,Dark City,1998,100,7.6,66.0,189774,14.38
402,This Is England,2006,101,7.7,86.0,116588,0.33
403,The Treasure of the Sierra Madre,1948,126,8.2,98.0,115957,5.01
404,A Silent Voice: The Movie,2016,130,8.1,78.0,53141,
405,Before Sunrise,1995,101,8.1,77.0,277995,5.54
406,First Blood,1982,93,7.7,61.0,230806,47.21
407,Misery,1990,107,7.8,75.0,187897,61.28
408,Monty Python and the Holy Grail,1975,91,8.2,91.0,506562,1.23
409,The Blues Brothers,1980,133,7.9,60.0,185660,57.23
410,The Fault in Our Stars,2014,126,7.7,69.0,348658,124.87
411,The Others,2001,104,7.6,74.0,342155,96.52
412,Young Frankenstein,1974,106,8.0,80.0,145100,86.3
413,Brazil,1985,132,7.9,84.0,189684,9.93
414,The Sting,1973,129,8.3,83.0,244814,159.6
415,The Fall,2006,117,7.9,64.0,108103,2.28
416,Being John Malkovich,1999,113,7.7,90.0,316390,22.86
417,"Blood In, Blood Out",1993,180,8.0,47.0,29192,4.5
418,Man on Fire,2004,146,7.7,47.0,333411,77.91
419,Gattaca,1997,106,7.8,64.0,284198,12.34
420,American Gangster,2007,157,7.8,76.0,397997,130.16
421,Donnie Brasco,1997,127,7.7,76.0,284403,41.91
422,Y Tu Mamá También,2001,106,7.6,88.0,117087,13.62
423,Captain Phillips,2013,134,7.8,82.0,427173,107.1
424,"Crouching Tiger, Hidden Dragon",2000,120,7.8,94.0,255971,128.08
425,Aladdin,1992,90,8.0,86.0,378414,217.35
426,Breakfast at Tiffany's,1961,115,7.6,76.0,169177,
427,Miller's Crossing,1990,115,7.7,66.0,127301,5.08
428,Searching,2018,102,7.6,71.0,144723,26.02
429,Strangers on a Train,1951,101,7.9,88.0,124560,7.63
430,Blow,2001,124,7.6,52.0,243553,52.99
431,JFK,1991,189,8.0,72.0,144199,70.41
432,It's a Wonderful Life,1946,130,8.6,89.0,411582,
433,To Kill a Mockingbird,1962,129,8.2,88.0,297100,
434,Enemy at the Gates,2001,131,7.6,53.0,246491,51.4
435,Lethal Weapon,1987,109,7.6,68.0,239781,65.21
436,Cool Hand Luke,1967,127,8.1,92.0,164403,16.22
437,Rosemary's Baby,1968,137,8.0,96.0,197487,
438,Cinema Paradiso,1988,155,8.5,80.0,235626,11.99
439,Planet of the Apes,1968,112,8.0,79.0,166841,33.4
440,The Color Purple,1985,154,7.8,78.0,79788,98.47
441,The Butterfly Effect,2004,113,7.6,30.0,456028,57.94
442,Roma,2018,135,7.7,96.0,143818,
443,Blazing Saddles,1974,93,7.7,73.0,127636,119.5
444,Some Like It Hot,1959,121,8.2,98.0,247503,25.0
445,Only the Brave,2017,134,7.6,72.0,60274,18.34
446,Wreck-It Ralph,2012,101,7.7,72.0,385576,189.42
447,The Birds,1963,119,7.7,90.0,174043,11.4
448,The Florida Project,2017,111,7.6,92.0,98237,5.9
449,When Harry Met Sally...,1989,95,7.6,76.0,198826,92.82
450,The Machinist,2004,101,7.7,61.0,362908,1.08
451,The Boondock Saints,1999,108,7.8,44.0,228981,0.03
452,Close Encounters of the Third Kind,1977,138,7.6,90.0,187463,132.09
453,Boyhood,2014,165,7.9,100.0,338486,25.38
454,The Skin I Live In,2011,120,7.6,70.0,141311,3.19
455,The Secret in Their Eyes,2009,129,8.2,80.0,196473,6.39
456,The Fighter,2010,116,7.8,79.0,344958,93.62
457,The Artist,2011,100,7.9,89.0,232737,44.67
458,The Boy in the Striped Pajamas,2008,94,7.8,55.0,194022,9.03
459,The Magnificent Seven,1960,128,7.7,74.0,88764,4.91
460,Groundhog Day,1993,101,8.0,72.0,585509,70.91
461,The Searchers,1956,119,7.9,94.0,81557,
462,In Bruges,2008,107,7.9,67.0,394664,7.76
463,Walk the Line,2005,136,7.8,72.0,236875,119.52
464,The Bourne Ultimatum,2007,115,8.0,85.0,608742,227.47
465,Raging Bull,1980,129,8.2,89.0,326558,23.38
466,The Lion in Winter,1968,134,7.9,,29380,22.28
467,Battle Royale,2000,114,7.6,81.0,170822,
468,The Wrestler,2008,109,7.9,80.0,291664,26.24
469,Eastern Promises,2007,100,7.6,82.0,230489,17.11
470,Empire of the Sun,1987,153,7.7,62.0,117461,22.24
471,The Bourne Supremacy,2004,108,7.7,73.0,439085,176.24
472,The Name of the Rose,1986,130,7.7,54.0,103336,7.15
473,Kramer vs. Kramer,1979,105,7.8,77.0,135630,106.26
474,Mad Max 2: The Road Warrior,1981,96,7.6,77.0,168489,12.47
475,Soorarai Pottru,2020,153,8.6,,59325,
476,Tumbbad,2018,104,8.3,,29914,
477,My Neighbor Totoro,1988,86,8.2,86.0,299070,1.11
478,North by Northwest,1959,136,8.3,98.0,303238,13.28
479,Butch Cassidy and the Sundance Kid,1969,110,8.0,66.0,203684,102.31
480,The Holy Mountain,1973,114,7.9,76.0,38255,0.06
481,Dangal,2016,161,8.4,,161610,12.39
482,Stalker,1979,162,8.2,,119903,0.23
483,This Is Spinal Tap,1984,82,7.9,92.0,130542,0.19
484,Das Boot,1981,149,8.3,86.0,235089,11.49
485,The Lego Movie,2014,100,7.7,83.0,327239,257.76
486,3:10 to Yuma,2007,122,7.7,76.0,292591,53.61
487,The Girl with the Dragon Tattoo,2009,152,7.8,76.0,210330,10.1
488,The Raid 2,2014,150,8.0,71.0,115648,2.63
489,Inherit the Wind,1960,128,8.1,75.0,27770,
490,A Bronx Tale,1993,121,7.8,80.0,130247,17.27
491,Philadelphia,1993,125,7.7,66.0,227320,77.32
492,Dawn of the Planet of the Apes,2014,130,7.6,79.0,415353,208.55
493,My Left Foot,1989,103,7.9,97.0,69346,14.74
494,The Last King of Scotland,2006,123,7.7,74.0,177261,17.61
495,Barry Lyndon,1975,185,8.1,89.0,152942,
496,Serpico,1973,130,7.7,87.0,111911,29.8
497,Glory,1989,122,7.8,78.0,125149,26.83
498,Chungking Express,1994,102,8.1,77.0,66380,0.6
499,Billy Elliot,2000,110,7.7,74.0,128124,22.0
500,Perfect Blue,1997,81,8.0,,60809,0.78
501,Hachi: A Dog's Tale,2009,93,8.1,,258654,
502,Monty Python's Life of Brian,1979,94,8.1,77.0,372490,20.05
503,Toy Story 2,1999,92,7.9,88.0,534511,245.85
504,Gandhi,1982,191,8.0,79.0,219445,52.77
505,Seven Pounds,2008,123,7.6,36.0,289348,69.95
506,Akira,1988,124,8.0,,168021,0.55
507,After Hours,1985,97,7.7,90.0,61569,10.6
508,Rushmore,1998,93,7.7,86.0,172060,17.11
509,Spartacus,1960,197,7.9,87.0,125787,30.0
510,Match Point,2005,124,7.6,72.0,208170,23.09
511,The Naked Gun: From the Files of Police Squad!,1988,85,7.6,76.0,155469,78.76
512,The Seventh Seal,1957,96,8.2,88.0,168547,
513,Sunset Blvd.,1950,110,8.4,,204882,
514,Wild Tales,2014,122,8.1,77.0,181326,3.11
515,The Last Emperor,1987,163,7.7,76.0,96033,43.98
516,Adaptation.,2002,115,7.7,83.0,180702,22.25
517,Network,1976,121,8.1,83.0,147130,
518,The Third Man,1949,93,8.1,97.0,161121,0.45
519,A Separation,2011,123,8.3,95.0,224439,7.1
520,Philomena,2013,98,7.6,77.0,95279,37.71
521,The Conversation,1974,113,7.8,85.0,101005,4.42
522,Nebraska,2013,115,7.7,87.0,113531,17.65
523,Annie Hall,1977,93,8.0,92.0,254042,39.2
524,Die Hard with a Vengeance,1995,128,7.6,58.0,367481,100.01
525,The Jungle Book,1967,78,7.6,65.0,168606,141.84
526,I Am Sam,2001,132,7.7,28.0,144087,40.31
527,Lost Highway,1997,134,7.6,52.0,133121,3.8
528,End of Watch,2012,109,7.6,68.0,230692,41.0
529,Rio Bravo,1959,141,8.0,93.0,57163,12.54
530,Raatchasan,2018,170,8.5,,27942,
531,Awakenings,1990,121,7.8,74.0,128278,52.1
532,Rebecca,1940,130,8.1,86.0,126065,4.36
533,Goldfinger,1964,110,7.7,87.0,176245,51.08
534,The Illusionist,2006,110,7.6,68.0,357403,39.87
535,Ran,1985,162,8.2,96.0,115012,4.14
536,Dirty Harry,1971,102,7.7,90.0,145169,35.9
537,Bonnie and Clyde,1967,111,7.8,86.0,104016,
538,Shadow of a Doubt,1943,108,7.8,94.0,60535,
539,Flipped,2010,90,7.7,45.0,82720,1.75
540,In the Heat of the Night,1967,110,7.9,75.0,68926,24.38
541,Dogville,2003,178,8.0,60.0,139601,1.53
542,"Paris, Texas",1984,145,8.1,78.0,94477,2.18
543,The French Connection,1971,104,7.7,94.0,112093,15.63
544,The Man from Earth,2007,87,7.9,,176344,
545,La Haine,1995,98,8.1,,154239,0.31
546,God's Own Country,2017,104,7.7,85.0,26303,0.34
547,Dawn of the Dead,1978,127,7.9,71.0,112648,5.1
548,All About Eve,1950,138,8.2,98.0,122362,0.01
549,Metropolis,1927,153,8.3,98.0,162459,1.24
550,Clerks,1994,92,7.7,70.0,212998,3.15
551,Miracle in Cell No. 7,2019,132,8.2,,38484,
552,The Apartment,1960,125,8.3,94.0,167267,18.6
553,Being There,1979,130,8.0,83.0,66727,30.18
554,The Dirty Dozen,1967,150,7.7,73.0,67974,45.3
555,Lord of War,2005,122,7.6,62.0,297007,24.15
556,A Fistful of Dollars,1964,99,8.0,65.0,200919,14.5
557,Hotel Rwanda,2004,121,8.1,79.0,337887,23.53
558,The Iron Giant,1999,86,8.0,85.0,174755,23.16
559,Badlands,1973,94,7.8,93.0,67332,
560,The Right Stuff,1983,193,7.8,91.0,56789,21.5
561,On the Waterfront,1954,108,8.1,91.0,144268,9.6
562,The Insider,1999,157,7.8,84.0,161669,28.97
563,Malcolm X,1992,202,7.7,73.0,87611,48.17
564,Hero,2002,120,7.9,85.0,175091,53.71
565,Ponyo,2008,101,7.7,86.0,128418,15.09
566,Rebel Without a Cause,1955,111,7.7,89.0,84667,
567,The World's Fastest Indian,2005,127,7.8,68.0,52501,5.13
568,Let the Right One In,2008,114,7.9,82.0,207154,2.12
569,Ghost in the Shell,1995,83,8.0,76.0,131587,0.52
570,King Kong,1933,100,7.9,90.0,80373,10.0
571,Mother,2009,129,7.8,79.0,54971,0.55
572,Finding Neverland,2004,106,7.6,67.0,200094,51.68
573,Hara-Kiri,1962,133,8.6,85.0,44618,
574,What Ever Happened to Baby Jane?,1962,134,8.1,75.0,51047,4.05
575,The King of Comedy,1982,109,7.8,73.0,92040,2.5
576,Funny Games,1997,108,7.6,69.0,66566,
577,Ray,2004,152,7.7,73.0,140035,75.33
578,Nausicaä of the Valley of the Wind,1984,117,8.1,86.0,154488,0.5
579,Night of the Living Dead,1968,96,7.9,89.0,118080,0.09
580,50/50,2011,100,7.6,72.0,317722,35.01
581,Fiddler on the Roof,1971,181,8.0,67.0,40097,80.5
582,Patton,1970,172,7.9,91.0,94572,61.7
583,Before Sunset,2004,80,8.1,90.0,240875,5.82
584,The Thin Man,1934,91,7.9,86.0,27068,
585,Togo,2019,113,8.0,69.0,40130,
586,Dancer in the Dark,2000,140,8.0,61.0,103664,4.18
587,The Nightmare Before Christmas,1993,76,8.0,82.0,303265,75.08
588,Roman Holiday,1953,118,8.0,78.0,129039,
589,Cat on a Hot Tin Roof,1958,108,8.0,84.0,45933,17.57
590,Doctor Zhivago,1965,197,8.0,69.0,70919,111.72
591,All the President's Men,1976,138,7.9,84.0,104996,70.6
592,Enter the Dragon,1973,102,7.7,83.0,98059,25.0
593,On Golden Pond,1981,109,7.6,68.0,28123,119.29
594,The Great Beauty,2013,141,7.8,86.0,82442,2.85
595,Shoplifters,2018,121,7.9,93.0,65749,3.31
596,Short Term 12,2013,96,8.0,82.0,83088,1.01
597,A Prophet,2009,155,7.9,90.0,94628,2.08
598,Yip Man,2008,106,8.0,59.0,213263,
599,La Dolce Vita,1960,174,8.0,95.0,67767,19.52
600,Glengarry Glen Ross,1992,100,7.7,82.0,97089,10.73
601,"Synecdoche, New York",2008,124,7.6,67.0,84808,3.08
602,Star Trek II: The Wrath of Khan,1982,113,7.7,67.0,113960,78.91
603,Before Midnight,2013,109,7.9,94.0,144292,8.11
604,Ed Wood,1994,127,7.8,70.0,166476,5.89
605,The Bridge on the River Kwai,1957,161,8.1,87.0,206283,44.91
606,Me and Earl and the Dying Girl,2015,105,7.7,74.0,124918,6.74
607,Amores Perros,2000,154,8.1,83.0,226615,5.38
608,Fallen Angels,1995,99,7.7,71.0,28189,
609,The Hustler,1961,134,8.0,90.0,75835,8.28
610,For a Few Dollars More,1965,132,8.2,74.0,236379,15.0
611,Like Stars on Earth,2007,165,8.4,,173353,1.22
612,The Bridges of Madison County,1995,135,7.6,69.0,74482,71.52
613,Cabaret,1972,124,7.8,80.0,49001,42.77
614,Kiki's Delivery Service,1989,103,7.8,83.0,127742,
615,Changeling,2008,141,7.7,63.0,241532,35.74
616,Solaris,1972,167,8.1,90.0,82636,
617,8½,1963,138,8.0,91.0,110504,0.05
618,Klaus,2019,96,8.2,65.0,111496,
619,Kung Fu Hustle,2004,99,7.7,78.0,129030,17.11
620,Kelly's Heroes,1970,144,7.6,50.0,45861,1.38
621,Naked,1993,132,7.8,84.0,35444,1.77
622,October Sky,1999,108,7.8,71.0,83926,32.48
623,Barton Fink,1991,116,7.7,69.0,114614,6.15
624,The Longest Day,1962,178,7.8,75.0,52609,39.1
625,How to Train Your Dragon 2,2014,102,7.8,76.0,309676,177.0
626,Andhadhun,2018,139,8.2,,75351,1.37
627,Good Bye Lenin!,2003,121,7.7,68.0,139436,4.06
628,Sing Street,2016,106,7.9,79.0,86656,3.24
629,The Best Offer,2013,131,7.8,49.0,110543,0.09
630,Open Your Eyes,1997,119,7.7,,64780,0.37
631,The Wild Bunch,1969,135,7.9,97.0,78314,12.06
632,Paths of Glory,1957,88,8.4,90.0,181479,
633,The Chorus,2004,97,7.9,56.0,58292,3.64
634,Witness for the Prosecution,1957,116,8.4,,111500,8.18
635,Charade,1963,113,7.9,83.0,70319,13.47
636,Days of Heaven,1978,94,7.8,93.0,53851,
637,The Man from Nowhere,2010,119,7.8,,64108,0.01
638,"Planes, Trains & Automobiles",1987,93,7.6,72.0,126407,49.53
639,Persona,1966,83,8.1,86.0,106077,
640,M,1931,99,8.3,,145987,0.03
641,Gangs of Wasseypur,2012,321,8.2,89.0,84334,
642,Song of the Sea,2014,93,8.1,85.0,53304,0.86
643,Castle in the Sky,1986,125,8.0,78.0,152823,
644,Nosferatu,1922,94,7.9,,89906,
645,Evil Dead II,1987,84,7.8,72.0,150004,5.92
646,From Here to Eternity,1953,118,7.6,85.0,43969,30.5
647,Who's Afraid of Virginia Woolf?,1966,131,8.0,75.0,69818,
648,A Little Princess,1995,97,7.7,83.0,32589,10.02
649,Lucky Number Slevin,2006,110,7.7,53.0,301410,22.49
650,Detachment,2011,98,7.7,52.0,78509,0.07
651,The Body,2012,112,7.6,,59342,
652,Red River,1948,133,7.8,,28649,
653,High Noon,1952,85,7.9,89.0,98461,9.45
654,The Man Who Shot Liberty Valance,1962,123,8.1,94.0,69911,
655,All That Jazz,1979,123,7.9,72.0,28691,37.82
656,Escape from Alcatraz,1979,112,7.6,76.0,123793,43.0
657,La Strada,1954,108,8.0,,59100,
658,The Salesman,2016,124,7.8,85.0,52892,2.4
659,The Quiet Man,1952,129,7.7,,35540,10.55
660,Amour,2012,127,7.9,94.0,94442,6.74
661,Manhattan,1979,96,7.9,83.0,132820,45.7
662,Dial M for Murder,1954,105,8.2,75.0,161160,0.01
663,Baahubali: The Beginning,2015,159,8.0,,104539,6.74
664,Beasts of No Nation,2015,137,7.7,79.0,75297,0.08
665,Guess Who's Coming to Dinner,1967,108,7.8,63.0,40496,56.7
666,21 Grams,2003,124,7.6,70.0,226445,16.29
667,Drishyam,2015,163,8.2,,73006,0.74
668,The Outlaw Josey Wales,1976,135,7.8,69.0,66525,31.8
669,The Chaser,2008,125,7.8,64.0,59804,
670,Cinderella Man,2005,144,8.0,69.0,177981,61.65
671,It Happened One Night,1934,105,8.1,87.0,95754,4.36
672,The Wind Rises,2013,126,7.8,83.0,75810,5.21
673,Rashomon,1950,88,8.2,98.0,155361,0.1
674,Freaks,1932,64,7.9,80.0,42638,
675,Giant,1956,201,7.6,84.0,34658,
676,The Straight Story,1999,112,8.0,86.0,83264,6.2
677,Judgment at Nuremberg,1961,179,8.2,60.0,70919,
678,The Maltese Falcon,1941,100,8.0,96.0,150373,2.11
679,Short Cuts,1993,188,7.7,79.0,42686,6.11
680,Pink Floyd: The Wall,1982,95,8.1,47.0,76902,22.24
681,The Great Dictator,1940,125,8.4,,206382,0.29
682,Watership Down,1978,91,7.6,64.0,34179,
683,Double Indemnity,1944,107,8.3,95.0,145894,5.72
684,The Killing Fields,1984,141,7.8,76.0,52321,34.7
685,Mommy,2014,139,8.1,74.0,51963,3.49
686,Sabrina,1954,113,7.7,72.0,60302,
687,Dara of Jasenovac,2020,130,8.3,,34378,
688,Paper Moon,1973,102,8.1,77.0,42899,30.93
689,Happiness,1998,134,7.7,81.0,67050,2.81
690,A Christmas Story,1983,93,7.9,77.0,133697,20.61
691,The Philadelphia Story,1940,112,7.9,96.0,64420,
692,Modern Times,1936,87,8.5,96.0,222054,0.16
693,All Quiet on the Western Front,1930,152,8.0,91.0,57846,3.27
694,The Day of the Jackal,1973,143,7.8,80.0,38037,16.06
695,In a Better World,2010,118,7.6,65.0,38800,1.01
696,Once,2007,86,7.8,88.0,111619,9.44
697,Harold and Maude,1971,91,7.9,62.0,71796,
698,Breaking the Waves,1996,159,7.8,76.0,63207,4.04
699,Letters from Iwo Jima,2006,141,7.9,89.0,155207,13.76
700,Black Book,2006,145,7.7,71.0,73309,4.4
701,25th Hour,2002,135,7.6,68.0,171031,13.06
702,To Be or Not to Be,1942,99,8.2,86.0,31326,
703,Victoria,2015,138,7.6,77.0,54253,
704,Paprika,2006,90,7.7,81.0,73153,0.88
705,The Manchurian Candidate,1962,126,7.9,94.0,71853,
706,The Secret World of Arrietty,2010,94,7.6,80.0,83069,19.2
707,"Spring, Summer, Fall, Winter... and Spring",2003,103,8.0,85.0,78436,2.38
708,Three Colors: Blue,1993,94,7.9,85.0,91986,1.32
709,Hannah and Her Sisters,1986,107,7.9,90.0,68036,40.08
710,Yojimbo,1961,110,8.2,,113377,
711,Wings of Desire,1987,128,8.0,79.0,65965,3.33
712,PK,2014,153,8.1,,165875,10.62
713,The Night of the Hunter,1955,92,8.0,99.0,83134,0.65
714,Rope,1948,80,8.0,73.0,131796,
715,Mary and Max,2009,92,8.1,,166680,
716,Hamlet,1996,242,7.7,,36274,4.41
717,Bicycle Thieves,1948,89,8.3,,149531,0.33
718,Neon Genesis Evangelion: The End of Evangelion,1997,87,8.1,,41251,
719,The Verdict,1982,129,7.7,77.0,36747,54.0
720,Where Eagles Dare,1968,158,7.7,63.0,52711,
721,All About My Mother,1999,101,7.8,87.0,90566,8.26
722,A Man Called Ove,2015,116,7.7,70.0,48826,3.36
723,Whisper of the Heart,1995,111,7.9,75.0,53929,
724,Breathless,1960,90,7.8,,74581,0.34
725,La Vie En Rose,2007,140,7.6,66.0,83529,10.3
726,Run Lola Run,1998,80,7.6,77.0,189785,7.27
727,No Man's Land,2001,98,7.9,84.0,45166,1.06
728,Touch of Evil,1958,95,8.0,99.0,99324,2.24
729,Mirror,1975,107,8.1,80.0,41109,0.18
730,East of Eden,1955,118,7.9,72.0,41064,
731,The Message,1976,177,8.2,,44521,
732,Infernal Affairs,2002,101,8.0,75.0,118811,0.17
733,Porco Rosso,1992,94,7.7,83.0,80029,
734,The Grapes of Wrath,1940,129,8.0,96.0,86306,0.06
735,The African Queen,1951,105,7.7,91.0,72393,0.54
736,Adam's Apples,2005,94,7.8,51.0,46616,0.0
737,Gaslight,1944,114,7.8,,25264,
738,Ikiru,1952,143,8.3,,70311,0.06
739,Anatomy of a Murder,1959,161,8.0,95.0,60741,11.9
740,Fantastic Planet,1973,72,7.8,73.0,26407,0.19
741,Kubo and the Two Strings,2016,101,7.8,84.0,119807,48.02
742,Pride,2014,119,7.8,79.0,52723,
743,The Big Sleep,1946,114,7.9,,79520,6.54
744,Mysterious Skin,2004,105,7.6,73.0,66446,0.7
745,The Adventures of Robin Hood,1938,102,7.9,97.0,47747,3.98
746,Secrets & Lies,1996,136,8.0,91.0,38518,13.42
747,Stalag 17,1953,120,8.0,84.0,51463,
748,The Best Years of Our Lives,1946,170,8.0,93.0,57985,23.65
749,Loving Vincent,2017,94,7.8,62.0,52154,6.74
750,Belle de Jour,1967,100,7.7,,41001,0.03
751,The Tenant,1976,126,7.7,71.0,40686,1.92
752,The Secret of Kells,2009,75,7.6,81.0,32714,0.69
753,Notorious,1946,102,7.9,100.0,93379,10.46
754,Tangerines,2013,87,8.2,73.0,42273,0.14
755,Fanny and Alexander,1982,188,8.1,100.0,58408,4.97
756,Swades,2004,189,8.2,,84128,1.22
757,Time of the Gypsies,1988,142,8.2,,28038,0.28
758,Dead Man,1995,121,7.6,62.0,91560,1.04
759,A Man for All Seasons,1966,120,7.7,72.0,31993,28.35
760,High and Low,1963,143,8.4,,36338,
761,The Man Who Would Be King,1975,129,7.8,91.0,45730,
762,The Diving Bell and the Butterfly,2007,112,8.0,92.0,104061,5.99
763,The Wave,2008,107,7.6,,104097,
764,Fantasia,1940,125,7.7,96.0,89792,76.41
765,The Red Shoes,1948,135,8.1,,31583,10.9
766,Once Were Warriors,1994,102,7.9,77.0,31885,2.2
767,The 400 Blows,1959,99,8.1,,107627,
768,The Long Goodbye,1973,112,7.6,87.0,26887,0.96
769,The Innocents,1961,100,7.8,88.0,27542,2.62
770,Waking Life,2001,99,7.8,83.0,61288,2.89
771,Death Note,2006,126,7.7,,28917,
772,Wild Strawberries,1957,91,8.2,88.0,98496,
773,Zulu,1964,138,7.7,77.0,36568,
774,Three Colors: Red,1994,99,8.1,100.0,92776,4.04
775,Gilda,1946,110,7.7,,28495,
776,The Day the Earth Stood Still,1951,92,7.7,,76773,
777,After the Wedding,2006,120,7.7,78.0,32671,0.41
778,City Lights,1931,87,8.5,99.0,170709,0.02
779,Frankenstein,1931,70,7.8,91.0,66188,
780,A Very Long Engagement,2004,133,7.6,76.0,71346,6.17
781,Perfect Strangers,2016,96,7.8,,58703,
782,Dead Man's Shoes,2004,90,7.6,52.0,50289,0.01
783,Children of Heaven,1997,89,8.3,77.0,67134,0.93
784,Duck You Sucker,1971,138,7.6,77.0,30695,0.7
785,Withnail & I,1987,107,7.7,84.0,40978,1.54
786,"South Park: Bigger, Longer & Uncut",1999,81,7.7,73.0,193514,52.04
787,Mr. Smith Goes to Washington,1939,129,8.1,73.0,108451,9.6
788,Sympathy for Mr. Vengeance,2002,129,7.6,56.0,63736,0.05
789,The Tale of The Princess Kaguya,2013,137,8.0,89.0,40231,1.51
790,The Kid,1921,68,8.3,,115930,5.45
791,Leviathan,2014,140,7.6,92.0,50231,1.09
792,Kagemusha,1980,162,8.0,84.0,32718,
793,The Little Prince,2015,108,7.7,70.0,57712,1.34
794,When Marnie Was There,2014,103,7.7,72.0,34235,0.77
795,The Killing,1956,84,8.0,91.0,82853,
796,3-Iron,2004,88,8.0,72.0,51556,0.24
797,Lilya 4-Ever,2002,109,7.8,82.0,43197,0.18
798,The Muppet Movie,1979,95,7.6,74.0,33312,76.66
799,Lagaan: Once Upon a Time in India,2001,224,8.1,84.0,106234,0.07
800,Night on Earth,1991,129,7.8,68.0,56265,2.02
801,The Motorcycle Diaries,2004,126,7.8,75.0,97674,16.76
802,Frost/Nixon,2008,122,7.7,80.0,104145,18.59
803,Fitzcarraldo,1982,158,8.1,,32188,
804,Control,2007,122,7.7,78.0,62162,0.87
805,Talk to Her,2002,112,7.9,86.0,105668,9.28
806,Land of Mine,2015,100,7.8,75.0,36868,0.44
807,The Legend of 1900,1998,169,8.1,58.0,59870,0.26
808,"I, Daniel Blake",2016,100,7.9,78.0,55165,0.26
809,Pink,2016,136,8.1,,40139,1.24
810,The Vanishing,1988,107,7.7,,34531,
811,Hedwig and the Angry Inch,2001,95,7.7,85.0,32253,3.03
812,Andrei Rublev,1966,205,8.1,,48351,0.1
813,Ninja Scroll,1993,94,7.9,,35016,
814,The Double Life of Véronique,1991,98,7.8,86.0,43533,2.0
815,The Battle of Algiers,1966,121,8.1,96.0,54325,0.06
816,Underground,1995,167,8.1,,55772,0.17
817,The White Ribbon,2009,144,7.8,82.0,69545,2.22
818,Three Colors: White,1994,92,7.6,88.0,66031,1.46
819,Persepolis,2007,96,8.0,90.0,89758,4.45
820,The Station Agent,2003,89,7.6,81.0,67823,5.74
821,"Aguirre, the Wrath of God",1972,95,7.9,,53198,
822,Wolf Children,2012,117,8.1,71.0,39836,
823,The Sea Inside,2004,126,8.0,74.0,78341,2.09
824,The Cabinet of Dr. Caligari,1920,67,8.1,,58333,
825,Zindagi Na Milegi Dobara,2011,155,8.2,,69153,3.11
826,Vikram Vedha,2017,147,8.4,,29862,
827,The Sacrifice,1986,149,8.1,,25221,0.3
828,Shine,1996,105,7.7,87.0,51819,35.81
829,The Broken Circle Breakdown,2012,111,7.7,70.0,39800,0.18
830,Drishyam,2013,160,8.3,,34868,
831,Eyes Without a Face,1960,90,7.7,90.0,28234,0.05
832,Autumn Sonata,1978,99,8.2,,28562,
833,The 39 Steps,1935,86,7.6,93.0,52832,
834,Head-On,2004,121,7.9,78.0,51869,
835,The Lunchbox,2013,104,7.8,76.0,51472,4.23
836,Scarface,1932,93,7.8,87.0,25751,
837,Le Samouraï,1967,101,8.1,,46466,0.04
838,The Ladykillers,1955,91,7.7,91.0,27040,
839,Wait Until Dark,1967,108,7.8,81.0,28101,17.55
840,The Odd Couple,1968,105,7.7,86.0,32122,44.53
841,Cowboy Bebop: The Movie,2001,115,7.9,61.0,43595,1.0
842,Key Largo,1948,100,7.8,,37458,
843,Peeping Tom,1960,101,7.7,,32094,0.08
844,Amarcord,1973,123,7.9,,40535,0.58
845,Rang De Basanti,2006,167,8.1,,113601,2.2
846,To Have and Have Not,1944,100,7.8,90.0,31546,
847,Invasion of the Body Snatchers,1956,80,7.7,92.0,45497,
848,Repulsion,1965,105,7.7,91.0,49572,
849,The Conformist,1970,113,8.0,100.0,27751,0.54
850,The Hidden Fortress,1958,126,8.1,,35606,
851,Winter Sleep,2014,196,8.1,88.0,47747,0.17
852,Elite Squad,2007,115,8.0,33.0,99104,0.01
853,Cries & Whispers,1972,91,8.1,,30893,1.74
854,My Name Is Khan,2010,165,8.0,50.0,99652,4.02
855,The Return,2003,110,8.0,82.0,43162,0.5
856,Loveless,2017,127,7.6,86.0,30514,0.57
857,Tokyo Story,1953,136,8.2,,54761,
858,Throne of Blood,1957,110,8.1,,47587,
859,Bajrangi Bhaijaan,2015,163,8.0,,73516,8.18
860,A Hard Day's Night,1964,87,7.6,96.0,40815,13.78
861,Ayla: The Daughter of War,2017,125,8.4,,35300,
862,Down by Law,1986,107,7.8,75.0,48473,1.44
863,Au Revoir les Enfants,1987,104,8.0,88.0,31697,4.54
864,Nights of Cabiria,1957,110,8.1,,43660,0.75
865,The Bandit,1996,128,8.2,,65478,
866,Arsenic and Old Lace,1942,118,7.9,,65740,
867,Out of the Past,1947,97,8.0,,33425,
868,Gully Boy,2019,154,8.0,65.0,32914,5.57
869,Fearless,2006,104,7.6,70.0,73327,24.63
870,Rififi,1955,118,8.1,97.0,30290,0.06
871,Nobody Knows,2004,141,8.1,88.0,25398,0.68
872,Bringing Up Baby,1938,102,7.8,91.0,55947,
873,Only Yesterday,1991,118,7.6,90.0,28077,0.45
874,Cape Fear,1962,106,7.7,76.0,26809,
875,The Past,2013,130,7.7,85.0,45529,1.33
876,Lupin the Third: Castle of Cagliostro,1979,102,7.7,71.0,27738,
877,Laura,1944,88,7.9,,43312,4.36
878,"Black Cat, White Cat",1998,127,8.1,73.0,51453,0.35
879,Tokyo Godfathers,2003,92,7.9,73.0,32608,0.13
880,In America,2002,105,7.7,76.0,40632,15.54
881,Diabolique,1955,117,8.0,,62113,
882,Sunrise,1927,94,8.1,,47379,0.54
883,His Girl Friday,1940,92,7.9,,54388,0.3
884,Batman: Mask of the Phantasm,1993,76,7.8,,44720,5.62
885,Ivan's Childhood,1962,84,8.1,,32571,
886,The Bride of Frankenstein,1935,75,7.8,95.0,44062,4.36
887,Mustang,2015,97,7.6,83.0,36458,0.85
888,The Wages of Fear,1953,131,8.1,85.0,55736,
889,Harvey,1950,104,7.9,,52966,
890,Battleship Potemkin,1925,66,8.0,97.0,53900,0.05
891,The Lady Vanishes,1938,96,7.8,98.0,48303,
892,Il Postino,1994,108,7.7,81.0,34178,21.85
893,The Invisible Man,1933,71,7.7,87.0,31270,
894,Hard Boiled,1992,128,7.8,,47253,
895,Brief Encounter,1945,86,8.0,92.0,36486,
896,The Discreet Charm of the Bourgeoisie,1972,102,7.9,93.0,39490,0.2
897,Raise the Red Lantern,1991,125,8.1,,30119,2.6
898,Rockstar,2011,159,7.7,,40132,0.99
899,In a Lonely Place,1950,94,8.0,,27502,
900,My Father and My Son,2005,112,8.3,,80653,
901,Darbareye Elly,2009,119,8.0,87.0,47188,0.11
902,Interstate 60: Episodes of the Road,2002,116,7.7,,30364,
903,Crimes and Misdemeanors,1989,104,7.9,77.0,55348,18.25
904,The General,1926,67,8.1,,82570,1.03
905,The Experiment,2001,120,7.7,60.0,91399,0.14
906,Talvar,2015,132,8.2,,31728,0.34
907,G.O.R.A.,2004,127,8.0,,58081,
908,Once Upon a Time in Anatolia,2011,157,7.9,82.0,43073,0.14
909,Queen,2013,146,8.2,,61331,1.43
910,Evil,2003,113,7.8,61.0,35992,0.02
911,Farewell My Concubine,1993,171,8.1,,25613,5.22
912,L'Avventura,1960,144,7.9,,27101,
913,Sleuth,1972,138,8.0,,45179,4.08
914,Confessions,2010,106,7.8,,36250,
915,The Lost Weekend,1945,101,7.9,,34069,9.46
916,Chhichhore,2019,143,8.2,,35594,0.9
917,The Taking of Pelham One Two Three,1974,104,7.7,68.0,27160,0.85
918,Jules and Jim,1962,105,7.8,97.0,38359,
919,K.G.F: Chapter 1,2018,156,8.2,,38874,
920,Kahaani,2012,122,8.1,,58456,1.04
921,Departures,2008,130,8.1,68.0,49188,1.5
922,The Gold Rush,1925,95,8.2,,102987,5.45
923,Fireworks,1997,103,7.8,,28244,0.23
924,Dil Chahta Hai,2001,183,8.1,,67512,0.3
925,Miracle on 34th Street,1947,96,7.9,88.0,41961,2.65
926,White Heat,1949,114,8.1,,30243,
927,The Virgin Spring,1960,89,8.1,,27137,1.53
928,My Sassy Girl,2001,137,8.0,,45795,
929,The Magdalene Sisters,2002,114,7.7,83.0,26165,4.89
930,The Girl Who Leapt Through Time,2006,98,7.7,,61466,
931,Vivre Sa Vie,1962,85,8.0,,28784,
932,The Passion of Joan of Arc,1928,114,8.1,,48981,0.02
933,"4 Months, 3 Weeks and 2 Days",2007,113,7.9,97.0,57296,1.19
934,Ace in the Hole,1951,111,8.1,72.0,32233,3.97
935,The Killer,1989,111,7.8,82.0,46044,
936,Munna Bhai M.B.B.S.,2003,156,8.1,,74891,
937,Duck Soup,1933,69,7.8,93.0,56080,
938,Celda 211,2009,113,7.6,,64536,
939,Lifeboat,1944,97,7.6,78.0,26834,
940,Hera Pheri,2000,156,8.2,,58177,
941,Sweet Smell of Success,1957,96,8.0,100.0,28755,
942,Vampire Hunter D: Bloodlust,2000,103,7.7,62.0,29686,0.15
943,Hiroshima Mon Amour,1959,90,7.9,,29071,0.09
944,Baby,2015,159,8.0,,53297,
945,The Triplets of Belleville,2003,80,7.8,91.0,51063,7.0
946,The Exterminating Angel,1962,95,8.1,,30229,
947,Nine Queens,2000,114,7.9,80.0,50340,1.22
948,Joint Security Area,2000,110,7.8,58.0,27198,
949,Sanjuro,1962,96,8.1,,33802,
950,Haider,2014,160,8.1,,50936,0.9
951,Badhaai Ho,2018,124,8.0,,28746,
952,Anand,1971,122,8.3,,31412,
953,Barfi!,2012,151,8.1,,76635,2.8
954,Knockin' on Heaven's Door,1997,87,8.0,,28125,0.0
955,The Purple Rose of Cairo,1985,82,7.7,75.0,47683,10.63
956,La Grande Illusion,1937,113,8.1,,34274,0.17
957,Paan Singh Tomar,2012,135,8.2,,33669,0.04
958,Baahubali 2: The Conclusion,2017,167,8.2,,76818,20.19
959,Central Station,1998,110,8.0,80.0,37018,5.6
960,Jab We Met,2007,138,7.9,,48356,0.41
961,Sherlock Jr.,1924,45,8.2,,43434,0.98
962,The Shop Around the Corner,1940,99,8.1,96.0,28948,0.2
963,Uri: The Surgical Strike,2018,138,8.2,,44494,4.19
964,Kind Hearts and Coronets,1949,106,8.0,,34918,
965,Joyeux Noel,2005,116,7.7,70.0,28212,1.05
966,Dilwale Dulhania Le Jayenge,1995,181,8.1,,64267,
967,Elite Squad 2: The Enemy Within,2010,115,8.0,71.0,79908,0.1
968,Tae Guk Gi: The Brotherhood of War,2004,140,8.1,64.0,38098,1.11
969,Udaan,2010,134,8.2,,42792,0.01
970,A Night at the Opera,1935,96,7.9,,30900,2.54
971,Veer-Zaara,2004,192,7.8,67.0,49632,2.92
972,Dev.D,2009,144,8.0,,29034,0.01
973,Le Dîner de Cons,1998,80,7.7,73.0,37907,4.07
974,The Edge of Heaven,2007,122,7.8,85.0,31047,0.74
975,Udta Punjab,2016,148,7.8,,27585,
976,Zelig,1983,79,7.7,,40335,11.8
977,A Wednesday,2008,104,8.1,,74481,
978,Kal Ho Naa Ho,2003,186,7.9,54.0,64172,1.79
979,The Rules of the Game,1939,110,8.0,,27086,
980,English Vinglish,2012,134,7.8,,34023,1.67
981,Raazi,2018,138,7.8,,25972,
982,The Circus,1928,72,8.1,90.0,30849,
983,Airlift,2016,130,8.0,,53304,
984,Chak De! India,2007,153,8.2,68.0,74997,1.11
985,Love and Death,1975,85,7.7,89.0,36541,
986,Black,2005,122,8.2,,33612,0.73
987,Vizontele,2001,110,8.0,,34217,
988,The Muppet Christmas Carol,1992,85,7.7,64.0,50758,27.28
989,C.R.A.Z.Y.,2005,129,7.9,81.0,31636,
990,Bhaag Milkha Bhaag,2013,186,8.2,,61845,1.63
991,Sholay,1975,162,8.2,,51890,
992,OMG: Oh My God!,2012,125,8.1,,52526,0.92
993,The Breath,2009,128,8.0,,32194,
994,Vicky Donor,2012,126,7.8,,40122,0.17
995,Kai Po Che,2013,120,7.7,40.0,33174,1.12
996,M.S. Dhoni: The Untold Story,2016,184,7.8,,41501,1.78
997,Special 26,2013,144,8.0,,51633,1.08
998,Andaz Apna Apna,1994,160,8.2,,49784,
999,Lage Raho Munna Bhai,2006,144,8.0,,43623,2.22
